757,Dell,Latitude 5480,Notebook,14,1366x768,Intel Core i5 7200U 2.5GHz,8GB,256GB SSD,Intel HD Graphics 620,Windows 10,1.6kg,1126.71
758,HP,Zbook 17,Workstation,17.3,IPS Panel Full HD 1920x1080,Intel Xeon E3-1535M v5 2.9GHz,16GB,256GB SSD,Nvidia Quadro M2000M,Windows 7,3kg,4389.00
759,Lenovo,N23 (N3060/4GB/128GB/W10),Netbook,11.6,Touchscreen 1366x768,Intel Celeron Dual Core N3060 1.6GHz,4GB,128GB SSD,Intel HD Graphics 400,Windows 10,1.4kg,475.00
760,HP,EliteBook 850,Notebook,15.6,Full HD 1920x1080,Intel Core i5 6300U 2.4GHz,8GB,256GB SSD,Intel HD Graphics 520,Windows 10,1.84kg,1900.00
761,Asus,X550VX-XX015D (i5-6300HQ/4GB/1TB/GeForce,Notebook,15.6,1366x768,Intel Core i5 6300HQ 2.3GHz,4GB,1TB HDD,Nvidia GeForce GTX 950M,No OS,2.45kg,579.00
762,Lenovo,Thinkpad T460,Ultrabook,14,Full HD 1920x1080,Intel Core i5 6200U 2.3GHz,4GB,180GB SSD,Intel HD Graphics 520,Windows 10,1.7kg,1096.00
763,Asus,Pro P2540UA-XO0192R,Notebook,15.6,1366x768,Intel Core i7 7500U 2.7GHz,4GB,256GB SSD,Intel HD Graphics 620,Windows 10,2.37kg,849.90
764,Lenovo,Yoga 900-13ISK,2 in 1 Convertible,13.3,IPS Panel Quad HD+ / Touchscreen 3200x1800,Intel Core i5 6260U 1.8GHz,8GB,256GB SSD,Intel HD Graphics 540,Windows 10,1.3kg,1199.00
765,HP,15-cb003na (i5-7300HQ/8GB/1TB,Notebook,15.6,IPS Panel Full HD 1920x1080,Intel Core i5 7300HQ 2.5GHz,8GB,128GB SSD +  1TB HDD,Nvidia GeForce GTX 1050,Windows 10,2.2kg,1099.00
766,HP,ZBook 15,Workstation,15.6,Full HD 1920x1080,Intel Core i7 6700HQ 2.6GHz,8GB,256GB SSD,Nvidia Quadro M1000M,Windows 7,2.59kg,1561.00
767,Dell,Alienware 17,Gaming,15.6,IPS Panel 4K Ultra HD 3840x2160,Intel Core i7 7700HQ 2.8GHz,16GB,256GB SSD +  1TB HDD,Nvidia GeForce GTX 1070,Windows 10,4.42kg,2868.99
768,Acer,Aspire 3,Notebook,15.6,1366x768,Intel Core i5 7200U 2.5GHz,4GB,256GB SSD,Intel HD Graphics 620,Windows 10,2.1kg,599.00
769,Lenovo,Legion Y520-15IKBN,Gaming,15.6,IPS Panel Full HD 1920x1080,Intel Core i7 7700HQ 2.8GHz,8GB,128GB SSD +  1TB HDD,Nvidia GeForce GTX 1050,Windows 10,2.5kg,1048.00
770,Dell,Latitude 7280,Ultrabook,12.5,Full HD 1920x1080,Intel Core i7 7600U 2.8GHz,16GB,256GB SSD,Intel HD Graphics 620,Windows 10,1.18kg,1859.00
771,Google,Pixelbook (Core,Ultrabook,12.3,Touchscreen 2400x1600,Intel Core i5 7Y57 1.2GHz,8GB,256GB SSD,Intel HD Graphics 615,Chrome OS,1.1kg,1559.00
772,Asus,Zenbook UX330UA-AH5Q,Ultrabook,13.3,IPS Panel Quad HD+ 3200x1800,Intel Core i5 7200U 2.5GHz,8GB,256GB SSD,Intel HD Graphics 620,Windows 10,1.2kg,1129.00
773,Dell,Latitude 3380,Notebook,13.3,1366x768,Intel Core i3 6006U 2GHz,4GB,500GB HDD,Intel HD Graphics 520,Windows 10,1.65kg,849.00
774,Acer,TravelMate P238-M,Notebook,13.3,1366x768,Intel Core i5 6200U 2.3GHz,4GB,128GB SSD,Intel HD Graphics 520,Windows 10,1.6kg,655.00
775,Asus,X751NV-TY001 (N4200/4GB/1TB/GeForce,Notebook,17.3,1366x768,Intel Pentium Quad Core N4200 1.1GHz,4GB,1TB HDD,Nvidia GeForce 920MX,Windows 10,2.8kg,470.34
776,Dell,Inspiron 7559,Gaming,15.6,IPS Panel Touchscreen / 4K Ultra HD 3840x2160,Intel Core i7 6700HQ 2.6GHz,16GB,128GB SSD +  1TB HDD,Nvidia GeForce GTX 960M,Windows 10,2.72kg,1099.00
777,Samsung,Notebook 9,Ultrabook,13.3,Full HD / Touchscreen 1920x1080,Intel Core i7 7500U 2.7GHz,8GB,256GB SSD,Intel HD Graphics 620,Windows 10,1.31kg,1599.00
778,Acer,Aspire A315-31,Notebook,15.6,1366x768,Intel Pentium Quad Core N4200 1.1GHz,4GB,1TB HDD,Intel HD Graphics 505,Linux,2.1kg,298.00
779,Dell,Inspiron 5567,Notebook,15.6,Full HD 1920x1080,Intel Core i7 7500U 2.7GHz,16GB,256GB SSD,AMD Radeon R7 M445,Windows 10,2.3kg,1181.27
780,Samsung,Notebook 9,2 in 1 Convertible,15,Full HD / Touchscreen 1920x1080,Intel Core i7 7500U 2.7GHz,16GB,256GB SSD,AMD Radeon 540,Windows 10,1.71kg,1799.00
781,Toshiba,Tecra A40-C-1E5,Notebook,14,IPS Panel 1366x768,Intel Core i5 6200U 2.3GHz,4GB,128GB SSD,Intel HD Graphics 520,Windows 10,1.75kg,1020.00
782,Dell,Inspiron 7567,Gaming,15.6,Full HD 1920x1080,Intel Core i7 7700HQ 2.8GHz,8GB,1TB HDD,Nvidia GeForce GTX 1050,Windows 10,2.62kg,1099.00
783,HP,EliteBook 820,Ultrabook,12.5,1366x768,Intel Core i5 6200U 2.3GHz,4GB,256GB SSD,Intel HD Graphics 520,Windows 10,1.26kg,1244.00
784,Asus,Q524UQ-BHI7T15 (i7-7500U/12GB/2TB/GeForce,2 in 1 Convertible,15.6,Full HD / Touchscreen 1920x1080,Intel Core i7 7500U 2.7GHz,12GB,2TB HDD,Nvidia GeForce 940MX,Windows 10,2.3kg,839.00
785,Lenovo,Thinkpad P50,Notebook,15.6,4K Ultra HD 3840x2160,Intel Core i7 6820HQ 2.7GHz,16GB,512GB SSD,Nvidia Quadro M2000M,Windows 7,2.5kg,2370.00
786,Acer,Swift 3,Notebook,14,IPS Panel Full HD 1920x1080,Intel Core i3 7100U 2.4GHz,4GB,128GB SSD,Intel HD Graphics 620,Windows 10,1.8kg,636.00
787,Razer,Blade Pro,Gaming,14,Full HD 1920x1080,Intel Core i7 7700HQ 2.8GHz,16GB,512GB SSD,Nvidia GeForce GTX 1060,Windows 10,1.95kg,2899.00
788,Asus,Vivobook Max,Notebook,15.6,1920x1080,Intel Pentium Dual Core N4200 1.1GHz,8GB,128GB SSD,Intel HD Graphics 505,Windows 10,2kg,581.90
789,Dell,Alienware 17,Gaming,17.3,IPS Panel Full HD 1920x1080,Intel Core i7 7700HQ 2.8GHz,32GB,1TB SSD +  1TB HDD,Nvidia GeForce GTX 1070M,Windows 10,4.42kg,3588.80
790,Asus,Rog G752VS-BA171T,Gaming,17.3,IPS Panel Full HD 1920x1080,Intel Core i7 6700HQ 2.6GHz,16GB,256GB SSD +  1TB HDD,Nvidia GeForce GTX 1070,Windows 10,4.3kg,2350.00
791,Toshiba,Tecra Z40-C-161,Ultrabook,14,IPS Panel Full HD 1920x1080,Intel Core i7 6600U 2.6GHz,16GB,512GB SSD,Nvidia GeForce 930M,Windows 10,1.47kg,1764.00
792,Lenovo,IdeaPad 110-15IBR,Notebook,15.6,1366x768,Intel Celeron Quad Core N3710 1.6GHz,8GB,1TB HDD,Intel HD Graphics 405,No OS,2.2kg,329.00
793,Lenovo,ThinkPad T470s,Ultrabook,14,Full HD 1920x1080,Intel Core i7 7500U 2.7GHz,16GB,512GB SSD,Intel HD Graphics 620,Windows 10,1.7kg,2299.00
794,MSI,GS43VR 7RE,Gaming,14,IPS Panel Full HD 1920x1080,Intel Core i7 7700HQ 2.8GHz,16GB,256GB SSD +  1TB HDD,Nvidia GeForce GTX 1060,Windows 10,1.6kg,1891.00
795,MSI,GL62M (i5-7300HQ/8GB/1TB,Gaming,15.6,Full HD 1920x1080,Intel Core i5 7300HQ 2.5GHz,8GB,128GB SSD +  1TB HDD,Nvidia GeForce GTX 1050,Windows 10,2.2kg,1089.00
796,Lenovo,Legion Y520-15IKBN,Gaming,15.6,IPS Panel Full HD 1920x1080,Intel Core i7 7700HQ 2.8GHz,4GB,1TB HDD,Nvidia GeForce GTX 1050,Windows 10,2.4kg,999.00
797,Acer,Predator G9-793,Gaming,17.3,IPS Panel Full HD 1920x1080,Intel Core i7 7700HQ 2.8GHz,16GB,256GB SSD +  1TB HDD,Nvidia GeForce GTX 1060,Windows 10,4.2kg,2299.00
798,Dell,Inspiron 7567,Gaming,15.6,Full HD 1920x1080,Intel Core i5 7300HQ 2.5GHz,8GB,256GB SSD,Nvidia GeForce GTX 1050,Windows 10,2.62kg,985.00
799,Asus,FX502VM-DM560T (i7-7700HQ/8GB/1TB,Gaming,15.6,Full HD 1920x1080,Intel Core i7 7700HQ 2.8GHz,8GB,128GB SSD +  1TB HDD,Nvidia GeForce GTX1060,Windows 10,2.24kg,1339.00
800,Vero,K146 (N3350/4GB/32GB/W10),Notebook,14,1920x1080,Intel Celeron Dual Core N3350 1.1GHz,4GB,32GB Flash Storage,Intel HD Graphics 500,Windows 10,1.22kg,202.90
801,Lenovo,ThinkPad Yoga,2 in 1 Convertible,13.3,IPS Panel Full HD / Touchscreen 1920x1080,Intel Core i7 7500U 2.7GHz,8GB,512GB SSD,Intel HD Graphics 620,Windows 10,1.37kg,1970.00
802,Lenovo,Yoga 510-15IKB,2 in 1 Convertible,15.6,Full HD / Touchscreen 1920x1080,Intel Core i5 7200U 2.5GHz,8GB,256GB SSD,AMD Radeon R7 M460,Windows 10,2.08kg,959.00
"803,Apple,""MacBook 12"""""",Ultrabook,12,IPS Panel Retina Display 2304x1440,Intel Core M 1.2GHz,8GB,512GB Flash Storage,Intel HD Graphics 5300,Mac OS X,0.920kg,1165.00"
804,Lenovo,ThinkPad X1,2 in 1 Convertible,14,IPS Panel Touchscreen 2560x1440,Intel Core i5 7200U 2.5GHz,8GB,256GB SSD,Intel HD Graphics 620,Windows 10,1.42kg,2330.00
805,Asus,R417NA-RS01 (N3350/4GB/32GB/W10),Notebook,14,1366x768,Intel Celeron Dual Core N3350 1.1GHz,4GB,32GB Flash Storage,Intel HD Graphics 500,Windows 10,1.63kg,299.00
806,Dell,Latitude 3580,Notebook,15.6,1366x768,Intel Core i5 7200U 2.5GHz,8GB,128GB SSD,Intel HD Graphics 620,Windows 10,1.95kg,810.00
807,Lenovo,Yoga 910-13IKB,2 in 1 Convertible,13.9,IPS Panel Full HD / Touchscreen 1920x1080,Intel Core i7 7500U 2.7GHz,8GB,256GB SSD,Intel HD Graphics 620,Windows 10,1.38kg,1349.00
808,Dell,Vostro 5568,Notebook,15.6,Full HD 1920x1080,Intel Core i3 6006U 2GHz,8GB,256GB SSD,AMD Radeon R5 M420X,Windows 10,2kg,739.00
809,HP,ZBook 17,Workstation,15.6,Full HD 1920x1080,Intel Core i7 7700HQ 2.8GHz,8GB,256GB SSD,Nvidia Quadro M2200,Windows 10,3.14kg,2064.90
810,Asus,Pro P2540UA-XS51,Notebook,15.6,Full HD 1920x1080,Intel Core i5 7200U 2.5GHz,8GB,256GB SSD,Intel HD Graphics 620,Windows 10,2.37kg,1099.00
811,Dell,XPS 13,Ultrabook,13.3,Full HD 1920x1080,Intel Core i5 7200U 2.5GHz,8GB,256GB SSD,Intel HD Graphics 620,Windows 10,1.29kg,1499.00
812,Dell,XPS 15,Notebook,15.6,4K Ultra HD / Touchscreen 3840x2160,Intel Core i5 7300HQ 2.5GHz,8GB,256GB SSD,Nvidia GeForce GTX 1050,Windows 10,2.06kg,1749.00
813,Dell,Latitude 3180,Netbook,11.6,1366x768,Intel Pentium Quad Core N4200 1.1GHz,4GB,128GB SSD,Intel HD Graphics 505,Windows 10,1.63kg,744.00
814,HP,EliteBook 820,Netbook,12.5,1366x768,Intel Core i5 7300U 2.6GHz,8GB,256GB SSD,Intel HD Graphics 620,Windows 10,1.26kg,1389.00
815,Toshiba,Satellite Pro,Notebook,15.6,1366x768,Intel Core i5 6200U 2.3GHz,4GB,500GB HDD,Intel HD Graphics 520,Windows 10,2.1kg,780.00
816,HP,15-ba043na (A12-9700P/8GB/2TB/W10),Notebook,15.6,1366x768,AMD A12-Series 9700P 2.5GHz,8GB,2TB HDD,AMD Radeon R7 Graphics,Windows 10,2.04kg,629.00
817,Dell,Inspiron 7567,Gaming,15.6,4K Ultra HD 3840x2160,Intel Core i7 7700HQ 2.8GHz,16GB,512GB SSD,Nvidia GeForce GTX 1050 Ti,Windows 10,2.62kg,1679.00
818,Lenovo,IdeaPad 310-15IKB,Notebook,15.6,Full HD 1920x1080,Intel Core i5 7200U 2.5GHz,4GB,1TB HDD,Nvidia GeForce 920M,Windows 10,2.4kg,609.00
819,HP,Omen 17-an012dx,Gaming,17.3,IPS Panel Full HD 1920x1080,Intel Core i7 7700HQ 2.8GHz,12GB,1TB HDD,AMD Radeon RX 580,Windows 10,3.74kg,1749.00
820,MSI,GE72MVR 7RG,Gaming,17.3,Full HD 1920x1080,Intel Core i7 7700HQ 2.8GHz,16GB,512GB SSD +  1TB HDD,Nvidia GeForce GTX 1070,Windows 10,2.9kg,2415.00
821,Samsung,Notebook 9,Ultrabook,13.3,Full HD 1920x1080,Intel Core i5 7200U 2.5GHz,8GB,256GB SSD,Intel HD Graphics 620,Windows 10,0.81kg,1499.00
822,Dell,Vostro 5568,Notebook,15.6,Full HD 1920x1080,Intel Core i7 7500U 2.7GHz,8GB,1TB HDD,Nvidia GeForce GT 940MX,Windows 10,1.98kg,961.00
823,Dell,Vostro 3568,Notebook,15.6,Full HD 1920x1080,Intel Core i5 7200U 2.5GHz,8GB,256GB SSD,AMD Radeon R5 M420,Windows 10,2.18kg,789.81
824,Lenovo,Thinkpad T470s,Ultrabook,14,Full HD 1920x1080,Intel Core i7 7500U 2.7GHz,8GB,256GB SSD,Intel HD Graphics 620,Windows 10,1.32kg,1859.00
825,Razer,Blade Stealth,Ultrabook,12.5,IPS Panel 4K Ultra HD / Touchscreen 3840x2160,Intel Core i7 7500U 2.5GHz,16GB,512GB SSD,Intel HD Graphics 620,Windows 10,1.29kg,1799.00
826,HP,Chromebook 11,Netbook,11.6,1366x768,Intel Celeron Dual Core N3060 1.6GHz,4GB,16GB Flash Storage,Intel HD Graphics 400,Chrome OS,1.23kg,385.00
827,Dell,Alienware 17,Gaming,17.3,IPS Panel Full HD 1920x1080,Intel Core i7 7700HQ 2.8GHz,16GB,128GB SSD +  1TB HDD,Nvidia GeForce GTX 1060,Windows 10,4.36kg,2505.02
828,Dell,Latitude 3480,Notebook,14,1366x768,Intel Core i5 6200U 2.3GHz,4GB,500GB HDD,Intel HD Graphics 520,Windows 10,1.76kg,755.00
829,Lenovo,V110-15ISK (i3-6006U/4GB/500GB/W10),Notebook,15.6,1366x768,Intel Core i3 6006U 2GHz,4GB,500GB HDD,Intel HD Graphics 520,Windows 10,2.1kg,489.90
830,Toshiba,Tecra X40-D-10Z,Ultrabook,14,1366x768,Intel Core i5 7200U 2.5GHz,4GB,128GB SSD,Intel HD Graphics 620,Windows 10,1.25kg,1090.00
831,Lenovo,Thinkpad X1,Ultrabook,14,IPS Panel Full HD 1920x1080,Intel Core i7 7500U 2.7GHz,8GB,512GB SSD,Intel HD Graphics 620,Windows 10,1.13kg,2499.00
832,MSI,GL62M 7RD,Gaming,15.6,Full HD 1920x1080,Intel Core i5 7300HQ 2.5GHz,8GB,256GB SSD,Nvidia GeForce GTX 1050,Windows 10,2.4kg,1199.00
833,Lenovo,ThinkPad X1,Ultrabook,14,IPS Panel Full HD 1920x1080,Intel Core i5 7200U 2.5GHz,8GB,256GB Flash Storage,Intel HD Graphics 620,Windows 10,1.13kg,1875.00
834,Toshiba,Satellite Pro,Notebook,14,1366x768,Intel Pentium Dual Core 4405U 2.1GHz,4GB,128GB SSD,Intel HD Graphics 510,Windows 10,1.75kg,499.00
835,Asus,ZenBook Flip,2 in 1 Convertible,13.3,Touchscreen / Full HD 1920x1080,Intel Core i5 7200U 2.5GHz,8GB,256GB SSD,Intel HD Graphics 620,Windows 10,1.1kg,1358.00
836,Dell,Latitude 3480,Notebook,14,1366x768,Intel Core i3 6006U 2GHz,4GB,500GB HDD,Intel HD Graphics 520,Windows 10,1.76kg,585.00
837,Acer,Chromebook 11,Netbook,11.6,IPS Panel 1366x768,Intel Celeron Dual Core N3060 1.6GHz,4GB,32GB Flash Storage,Intel HD Graphics 400,Chrome OS,1.35kg,355.00
838,Acer,Swift 3,Notebook,14,IPS Panel Full HD 1920x1080,Intel Core i3 7100U 2.4GHz,8GB,128GB SSD,Intel HD Graphics 620,Windows 10,1.5kg,619.00
839,Razer,Blade Pro,Gaming,17.3,4K Ultra HD / Touchscreen 3840x2160,Intel Core i7 7820HK 2.9GHz,32GB,512GB SSD,Nvidia GeForce GTX 1080,Windows 10,3.49kg,5499.00
840,Lenovo,Thinkpad X1,Ultrabook,14,IPS Panel Quad HD+ 2560x1440,Intel Core i7 6600U 2.6GHz,16GB,512GB SSD,Intel HD Graphics 520,Windows 10,1.1kg,2099.00
841,Asus,VivoBook Max,Notebook,15.6,Full HD 1920x1080,Intel Core i5 7200U 2.5GHz,4GB,1TB HDD,Nvidia GeForce 920,Linux,2.1kg,519.00
842,Lenovo,Thinkpad T460,Notebook,14,Full HD 1920x1080,Intel Core i5 6200U 2.3GHz,8GB,256GB SSD,Intel HD Graphics 520,Windows 10,1.7kg,1186.00
843,Lenovo,ThinkPad T470s,Notebook,14,IPS Panel Full HD 1920x1080,Intel Core i5 7300U 2.6GHz,8GB,256GB SSD,Intel HD Graphics 620,Windows 10,1.32kg,1650.00
844,Dell,Alienware 15,Gaming,15.6,Full HD 1920x1080,Intel Core i7 7700HQ 2.8GHz,16GB,256GB SSD +  1TB HDD,Nvidia GeForce GTX 1070,Windows 10,3.21kg,2774.63
845,Asus,Rog GL702VS-BA023T,Gaming,17.3,Full HD 1920x1080,Intel Core i7 7700HQ 2.8GHz,16GB,256GB SSD +  1TB HDD,Nvidia GeForce GTX 1070,Windows 10,2.9kg,2419.00
846,Toshiba,Satellite Pro,Notebook,15.6,1366x768,Intel Core i3 7100U 2.4GHz,4GB,500GB HDD,Intel HD Graphics 620,Windows 10,2.0kg,669.00
847,Lenovo,N42-20 Chromebook,Notebook,14,1366x768,Intel Celeron Quad Core N3160 1.6GHz,4GB,16GB Flash Storage,Intel HD Graphics 400,Chrome OS,1.5kg,325.00
848,Asus,R558UA-DM966T (i5-7200U/8GB/128GB/FHD/W10),Notebook,15.6,Full HD 1920x1080,Intel Core i5 7200U 2.5GHz,8GB,128GB HDD,Intel HD Graphics 620,Windows 10,2.3kg,590.00
849,Asus,Rog GL702VM-GC017T,Gaming,17.3,Full HD 1920x1080,Intel Core i7 6700HQ 2.6GHz,16GB,512GB SSD +  1TB HDD,Nvidia GeForce GTX 1060,Windows 10,2.73kg,1799.00
851,Dell,Alienware 17,Gaming,17.3,IPS Panel Full HD 1920x1080,Intel Core i7 7700HQ 2.8GHz,32GB,512GB SSD +  1TB HDD,Nvidia GeForce GTX 1070,Windows 10,4.42kg,3072.89
852,HP,ProBook 470,Notebook,17.3,1600x900,Intel Core i5 7200U 2.5GHz,8GB,1TB HDD,Nvidia GeForce 930MX,Windows 10,2.63kg,910.00
853,Dell,Vostro 3568,Notebook,15.6,1366x768,Intel Core i5 7200U 2.5GHz,8GB,128GB SSD,Intel HD Graphics 620,Windows 10,2.18kg,713.99
854,HP,EliteBook 840,Ultrabook,14,Full HD 1920x1080,Intel Core i7 6500U 2.5GHz,8GB,512GB SSD,Intel HD Graphics 520,Windows 7,1.54kg,1870.00
855,Dell,Vostro 3568,Notebook,15.6,Full HD 1920x1080,Intel Core i7 7500U 2.7GHz,4GB,256GB SSD,AMD Radeon R5 M420,Windows 10,2.18kg,739.00
856,HP,Chromebook X360,2 in 1 Convertible,11.6,Touchscreen 1366x768,Intel Celeron Dual Core N3350 1.1GHz,4GB,32GB Flash Storage,Intel HD Graphics 500,Chrome OS,1.4kg,615.00
857,Asus,ZenBook UX310UQ-GL026T,Ultrabook,13.3,IPS Panel Full HD 1920x1080,Intel Core i5 6200U 2.3GHz,8GB,512GB SSD,Nvidia GeForce 940M,Windows 10,1.45kg,1026.00
858,HP,EliteBook x360,2 in 1 Convertible,13.3,Full HD / Touchscreen 1920x1080,Intel Core i5 7200U 2.5GHz,8GB,256GB SSD,Intel HD Graphics 620,Windows 10,1.28kg,2277.00
